coluna0,conjunto0,conjunto1,conjunto2,conjunto3,conjunto4,conjunto5,conjunto6,conjunto7,conjunto8,conjunto9,conjunto10,conjunto11,conjunto12,conjunto13,conjunto14,conjunto15,conjunto16,conjunto17,conjunto18,conjunto19,conjunto20,conjunto21,conjunto22,conjunto23,conjunto24,conjunto25,conjunto26,conjunto27,conjunto28,conjunto29,conjunto30,conjunto31,conjunto32,conjunto33,conjunto34,conjunto35,conjunto36,conjunto37,conjunto38,conjunto39,conjunto40,conjunto41,conjunto42,conjunto43,conjunto44,conjunto45,conjunto46,conjunto47,conjunto48,conjunto49,conjunto50,conjunto51,conjunto52,conjunto53,conjunto54,conjunto55,conjunto56,conjunto57,conjunto58,conjunto59,conjunto60,conjunto61,conjunto62,conjunto63,conjunto64,conjunto65,conjunto66,conjunto67,conjunto68,conjunto69,conjunto70,conjunto71,conjunto72,conjunto73,conjunto74,conjunto75,conjunto76,conjunto77,conjunto78,conjunto79,conjunto80,conjunto81,conjunto82,conjunto83,conjunto84,conjunto85,conjunto86,conjunto87,conjunto88,conjunto89,conjunto90,conjunto91,conjunto92,conjunto93,conjunto94,conjunto95,conjunto96,conjunto97,conjunto98,conjunto99
0,"(1.6993197588955731e-07, 0.09213072001183915, 1.5655955291739406e-08)","(2.390061174751841e-07, 0.09257819561178236, 2.212675509603023e-08)","(1.2659550601844826e-07, 0.09419995142397711, 1.1925290517431628e-08)","(2.338288663301261e-07, 0.09376128177436983, 2.192409422296041e-08)","(2.2668149159261048e-07, 0.09665674679646337, 2.191029553631159e-08)","(2.3122604302119203e-07, 0.09365268694929572, 2.1654940221588082e-08)","(2.3560868626521467e-07, 0.09808522414847279, 2.3109730803650785e-08)","(1.83847926917273e-07, 0.09152312741837851, 1.6826337240854318e-08)","(5.224714112740119e-08, 0.09699309090473424, 5.0676117088825026e-09)","(2.0152840488206402e-07, 0.09865908974076958, 1.98826089825737e-08)","(1.76036542605964e-07, 0.09444549910159022, 1.662585912653862e-08)","(7.540270263497245e-08, 0.0936870972076695, 7.064260331483661e-09)","(1.5982600801185512e-07, 0.09757163006778048, 1.559448412894285e-08)","(2.0895420010776407e-07, 0.09178687169643535, 1.9179252355722617e-08)","(9.973010459200532e-08, 0.09928071777261296, 9.901276367432052e-09)","(5.914354539798972e-08, 0.09718636235973019, 5.747946034288182e-09)","(9.406519156488926e-08, 0.0903988319921223, 8.503383448581224e-09)","(2.3687886317359243e-07, 0.09956591304526165, 2.3585060293002337e-08)","(1.3860580038126785e-07, 0.09232875089896929, 1.2797300416554343e-08)","(1.1091523764207429e-07, 0.0904799991263816, 1.003561060495729e-08)","(9.456092524821534e-08, 0.09057645020743883, 8.564992937314323e-09)","(2.1549737180926685e-07, 0.09725396989144683, 2.095797490962436e-08)","(5.367401142747215e-08, 0.09877637927890998, 5.301724510180538e-09)","(5.5425289257517754e-08, 0.09092403503203786, 5.039490942111376e-09)","(1.0835613312352095e-07, 0.0997796485173361, 1.08117368777626e-08)","(1.2291308172378133e-07, 0.09452366607140247, 1.1618195092665708e-08)","(2.1303792613936593e-07, 0.09580333459418845, 2.040974371918168e-08)","(1.1348899952206925e-07, 0.09865811928546545, 1.119661125243644e-08)","(8.313651405851213e-08, 0.09376315661570733, 7.795141988152228e-09)","(1.0600153857096619e-07, 0.09351519569670048, 9.912754623615247e-09)","(1.6640487384774417e-07, 0.0908975253701622, 1.5125791242293965e-08)","(1.7403226803575347e-07, 0.0955846777133422, 1.663481825191948e-08)","(1.7450125978488436e-07, 0.09224104094232793, 1.609617784830532e-08)","(1.4355871623371926e-07, 0.09789831899812518, 1.405415699680998e-08)","(9.419738632642849e-08, 0.09693762291390164, 9.131270715186438e-09)","(2.042993726498261e-07, 0.090547228396906, 1.8498741956668414e-08)","(1.123635756611502e-07, 0.09549359602994024, 1.0730001902665503e-08)","(1.8749249111307456e-07, 0.09283516611608413, 1.7405896558000702e-08)","(1.4628859858723555e-07, 0.09752797777696214, 1.4267231192038842e-08)","(1.411673434899166e-07, 0.09570935761206169, 1.3511035761221175e-08)","(1.4479856949438616e-07, 0.09042780665562944, 1.3093817046250074e-08)","(6.108448572433758e-08, 0.09868791827871293, 6.0283007352606335e-09)","(6.175720719028156e-08, 0.09207549329842768, 5.686325316778379e-09)","(8.556028400951563e-08, 0.09782037482350575, 8.369539051816423e-09)","(2.465881004461239e-07, 0.09197515557915893, 2.2679978902501517e-08)","(1.7845187872506473e-07, 0.09501172830719827, 1.6955021417334945e-08)","(1.6603839042513672e-07, 0.09419714967641155, 1.564034311490706e-08)","(2.1701487434884785e-07, 0.09819896269589914, 2.131063555063775e-08)","(8.773334508544751e-08, 0.09533030787328266, 8.36364679774866e-09)","(2.1058905593565826e-07, 0.0921173078434467, 1.939889689408585e-08)","(2.3866666953352863e-07, 0.09505423976008907, 2.2686278828581977e-08)","(2.214425163534252e-07, 0.0966993857521097, 2.1413355310777727e-08)","(1.3382322896110039e-07, 0.09095572216185699, 1.2171988432188421e-08)","(7.493981545759099e-08, 0.09418234182777815, 7.058007315937448e-09)","(2.424706570081551e-07, 0.0963218654645613, 2.3355226003443304e-08)","(1.568860973447615e-07, 0.09160879573822799, 1.4372146445824008e-08)","(1.5327025752873978e-07, 0.09741711243897341, 1.4931145911227655e-08)","(1.3768014521198198e-07, 0.09317502175989228, 1.2828350526031551e-08)","(1.7811579873766235e-07, 0.0993004584719064, 1.7686980475739676e-08)","(1.0561342609771256e-07, 0.09332615550251738, 9.85649502714875e-09)","(6.059296307052307e-08, 0.09867020417994178, 5.9787200380361835e-09)","(1.6702722144187635e-07, 0.09374486902630817, 1.565794499789687e-08)","(1.1139199722919032e-07, 0.09778732111078474, 1.0892725002222477e-08)","(2.2776403189309527e-07, 0.09759520698629365, 2.222867783663942e-08)","(7.01948353107286e-08, 0.09734202102856318, 6.832907134913472e-09)","(1.8245455214558404e-07, 0.09602655175717853, 1.7520481494940755e-08)","(2.3631318482935562e-07, 0.09332755334300344, 2.2054531362816717e-08)","(7.592245421791249e-08, 0.09079897339689978, 6.893680900759578e-09)","(1.6902331129282806e-07, 0.09649099203348603, 1.6309226983429703e-08)","(1.9071028656080145e-07, 0.09151344907339497, 1.7452556096954463e-08)","(1.598554802428362e-07, 0.09875887286013245, 1.5787147049297676e-08)","(1.8868997750593392e-07, 0.09039232985208426, 1.7056126686498738e-08)","(1.2041129270901214e-07, 0.0929174797342164, 1.1188313850060433e-08)","(2.487472415076601e-07, 0.09822787067338584, 2.443391186917591e-08)","(2.409147057544667e-07, 0.09181577329898191, 2.211977000794305e-08)","(5.804629184300008e-08, 0.09782130474024926, 5.678164003415556e-09)","(1.785178825170508e-07, 0.09463039674418897, 1.6893218048521033e-08)","(1.1868379576517537e-07, 0.09417527499342863, 1.1177079103449312e-08)","(2.2047194310497e-07, 0.09440491346453958, 2.0813634710183587e-08)","(1.1282149055174414e-07, 0.09929732695250329, 1.1202872434585298e-08)","(8.781458277375429e-08, 0.09534534043453438, 8.372711289680201e-09)","(2.1276346004043967e-07, 0.09649307171601741, 2.053019980823015e-08)","(2.467685301531959e-07, 0.09946959373131496, 2.454596544001214e-08)","(8.169832856402404e-08, 0.09056447705351002, 7.398966402546677e-09)","(1.3841753967794268e-07, 0.09288993425966016, 1.2857596161067997e-08)","(1.9493442795763796e-07, 0.09989089086149205, 1.9472173668263798e-08)","(2.482575314620391e-07, 0.09256057366903399, 2.2978859529784597e-08)","(2.495762672807134e-07, 0.09671779727033926, 2.4138466822344042e-08)","(1.6357985141418334e-07, 0.09061190491194494, 1.4822281941852063e-08)","(2.100988432763576e-07, 0.09067923649365381, 1.905160269649994e-08)","(2.3157652011204024e-07, 0.09817830910987951, 2.2735791174150115e-08)","(1.9020589651041218e-07, 0.09778965195742532, 1.8600168420003267e-08)","(2.2647124051502932e-07, 0.09922464588654997, 2.2471528643591475e-08)","(1.8557311148165888e-07, 0.09300749970285595, 1.7259691110988442e-08)","(1.7815470614786627e-07, 0.09586429773990265, 1.7078675793923918e-08)","(1.7178675874530431e-07, 0.09151523800090933, 1.5721106111981315e-08)","(2.1638136933799666e-07, 0.09820662527757357, 2.1250084055624884e-08)","(5.772910380235941e-08, 0.09036103735532224, 5.216461705174273e-09)","(1.442466471614657e-07, 0.09224182442943274, 1.3305573902002252e-08)","(1.3166593188670434e-07, 0.0951922994321727, 1.2533582813175215e-08)"
0,"(1.395240365938455e-07, 0.09812234465234632, 1.3690425605947889e-08)","(1.759746235432078e-07, 0.09217329199396397, 1.622016035937598e-08)","(2.1333159131976443e-07, 0.09257832155634914, 1.974988065932881e-08)","(1.1365081109580074e-07, 0.09600463412017612, 1.0911004536713603e-08)","(1.850015577054685e-07, 0.09131881713371404, 1.6894123417557923e-08)","(5.616143096815221e-08, 0.09073110768118436, 5.09558884070082e-09)","(5.6112175983411564e-08, 0.09219159756288299, 5.173071146640347e-09)","(2.4774974049782994e-07, 0.09323972831595789, 2.3100118494366736e-08)","(1.2187492277048436e-07, 0.09052826429125402, 1.103312521904258e-08)","(1.2601510114116704e-07, 0.09188658829717036, 1.15790977177847e-08)","(2.43718647463392e-07, 0.09491614513419612, 2.3132834514545294e-08)","(2.3397148496781636e-07, 0.09153612758828461, 2.1416843700034454e-08)","(1.1067987295964404e-07, 0.09732992035779157, 1.0772463220372644e-08)","(1.0437505098788436e-07, 0.09716440391907044, 1.0141539613260368e-08)","(1.941171341870219e-07, 0.09215409740716674, 1.788868929227087e-08)","(8.02748337075613e-08, 0.09259435710058268, 7.432996618507822e-09)","(7.715657347757808e-08, 0.09796082365890961, 7.558321488562728e-09)","(9.334941268827182e-08, 0.09301962586395378, 8.683327442882865e-09)","(2.3161373106926975e-07, 0.0975753216332171, 2.2599784303753444e-08)","(1.9495572364151503e-07, 0.09750593390895249, 1.900933990456157e-08)","(6.760910898026607e-08, 0.09613340093831804, 6.499493580682357e-09)","(1.3052123079833834e-07, 0.09349404325757864, 1.220295759829225e-08)","(6.637089700765962e-08, 0.09861438935382044, 6.545125479275662e-09)","(1.0335206143489503e-07, 0.09239636674242284, 9.549354971923977e-09)","(2.0601695745373023e-07, 0.09951882696046457, 2.050256593975917e-08)","(1.7292538694609381e-07, 0.09409388984493501, 1.6271222310698513e-08)","(5.703288447438431e-08, 0.09157326916595523, 5.222687681283624e-09)","(2.1555412858738044e-07, 0.09006964777302, 1.9414884437885618e-08)","(7.068284233833276e-08, 0.09764545457087842, 6.901858270488233e-09)","(2.3153192174300144e-07, 0.09806966782554184, 2.27062586563455e-08)","(2.115787669063751e-07, 0.09241626027345547, 1.9553318390756328e-08)","(2.4796587618791287e-07, 0.09088344141484551, 2.2535992181405014e-08)","(1.7541509070488808e-07, 0.09466597864894881, 1.6605841231372352e-08)","(1.19459676977871e-07, 0.09801027103214152, 1.1708275318013214e-08)","(1.4646213635207067e-07, 0.09785758869811298, 1.4332431498987873e-08)","(2.46433571020338e-07, 0.09739731475549397, 2.4001968082988237e-08)","(1.080326021285753e-07, 0.0935236186811777, 1.0103599886608262e-08)","(1.270792318105585e-07, 0.0963912610983171, 1.2249327413625108e-08)","(8.414795572209825e-08, 0.09708851396955528, 8.169799974634456e-09)","(1.4774081533974313e-07, 0.0940856998991556, 1.3900298014911637e-08)","(2.3276107417001712e-07, 0.0925270951306695, 2.1536706052445996e-08)","(2.448117952949818e-07, 0.09470254275500589, 2.3184299510852764e-08)","(7.013354260950113e-08, 0.09495534103567305, 6.659554456525087e-09)","(2.1873187790543503e-07, 0.09613591846036935, 2.1027989979000367e-08)","(1.6911732810171703e-07, 0.09844888518812668, 1.6649412417608688e-08)","(1.7238982567587662e-07, 0.09812599995422251, 1.6915924026379497e-08)","(1.6960416259200887e-07, 0.09592901030625413, 1.626995946127242e-08)","(2.0523940633215282e-07, 0.09083013203062265, 1.864192237503605e-08)","(2.309661590969383e-07, 0.09819391675634012, 2.2679471799896366e-08)","(1.2194418712085706e-07, 0.09632000103767904, 1.1745664230019879e-08)","(1.1239343725008467e-07, 0.09823086140552484, 1.104050415740362e-08)","(1.258158238522248e-07, 0.09855845398032943, 1.2400213085136731e-08)","(2.0034468683740825e-07, 0.0975301383914114, 1.9539645033236406e-08)","(6.270441005263742e-08, 0.09565937564946596, 5.998264716103392e-09)","(8.371161804551735e-08, 0.0989455031465726, 8.28288816672742e-09)","(2.325482837464431e-07, 0.09120417668305841, 2.1209374758152597e-08)","(2.1743840691461591e-07, 0.09904895262105534, 2.1537046464483544e-08)","(1.4763949900005916e-07, 0.0913823127673699, 1.3491638874441201e-08)","(2.4575398872813546e-07, 0.09694683056424014, 2.382507030571273e-08)","(1.9783580132877996e-07, 0.09449206081006546, 1.8693912569567106e-08)","(5.6830195509330486e-08, 0.0908012363101461, 5.160252011994521e-09)","(8.614954186048234e-08, 0.09811645655924496, 8.452687781552871e-09)","(1.8826313126870794e-07, 0.09530265573053136, 1.7941976386053505e-08)","(1.5373101173238487e-07, 0.09156154287640238, 1.4075848622167474e-08)","(1.5797845683928381e-07, 0.09934185999912232, 1.569387374220552e-08)","(1.7167785555432304e-07, 0.09303056583907222, 1.597128804425718e-08)","(1.3912213807914693e-07, 0.09928815956443247, 1.3813181044547348e-08)","(1.726500920805422e-07, 0.09504086243922133, 1.640881365154571e-08)","(8.566860944501728e-08, 0.0970528716834066, 8.314384559763135e-09)","(9.742608852573815e-08, 0.09239702546628405, 9.001880782593071e-09)","(2.364981097684089e-07, 0.09081019120837244, 2.1476438568487867e-08)","(7.833802666244574e-08, 0.0996721385439505, 7.80811864675898e-09)","(7.117024475680665e-08, 0.09345174460424238, 6.650983536434515e-09)","(6.283935028443846e-08, 0.09285715334063094, 5.835083185187723e-09)","(7.688849926134449e-08, 0.0986604564444504, 7.585854432453034e-09)","(1.4172371570739192e-07, 0.09855865418220207, 1.396809868582156e-08)","(1.8344944385449132e-07, 0.09981531929457792, 1.8311064812748797e-08)","(1.463947789769255e-07, 0.09995958329467787, 1.4633561103049942e-08)","(8.665372033641576e-08, 0.09829676842900939, 8.517780681420802e-09)","(1.41463786343213e-07, 0.09550228301350971, 1.3510114559512199e-08)","(1.2511813126521424e-07, 0.09633750733708975, 1.2053568888765535e-08)","(2.2682644282928722e-07, 0.09151214864210755, 2.075737515215424e-08)","(1.3144995531331426e-07, 0.0930502576364627, 1.22314522082054e-08)","(7.819633678869842e-08, 0.09070833028345562, 7.093059144385588e-09)","(2.3493276954643362e-07, 0.09059001442430162, 2.128256298195255e-08)","(1.0839749255236485e-07, 0.0913598544499615, 9.903179142324839e-09)","(1.5461818553083735e-07, 0.09954060807304513, 1.5390788206890458e-08)","(1.911397207627418e-07, 0.09945365614687769, 1.9009544064747943e-08)","(9.707831525971636e-08, 0.09060440290544415, 8.795722789173068e-09)","(1.0122444382475889e-07, 0.09429537567362681, 9.544996957809573e-09)","(8.035194892190871e-08, 0.09486453579512767, 7.62255033471068e-09)","(8.387536866401566e-08, 0.09968305276335078, 8.360952800080572e-09)","(1.138853984566527e-07, 0.09960579366006742, 1.1343645499567909e-08)","(1.4183977423455637e-07, 0.09434743651784826, 1.3382219095300736e-08)","(1.562148840072701e-07, 0.09688601954548795, 1.5135038305224506e-08)","(1.3782106339264632e-07, 0.09478167818403087, 1.306291167746272e-08)","(1.638186865487813e-07, 0.0934569007746106, 1.530998673381649e-08)","(2.1750929543958406e-07, 0.09709110706031208, 2.1118218290137707e-08)","(1.183482294331398e-07, 0.09192654429469702, 1.087934375518449e-08)","(1.7626809642589354e-07, 0.09285553101632861, 1.636746769486376e-08)"
0,"(8.26958188520559e-08, 0.09422562838504688, 7.792065496150972e-09)","(1.7159787022360558e-07, 0.09751592402523435, 1.6733524875617146e-08)","(1.1380779690194788e-07, 0.09350391357103646, 1.0641474405229806e-08)","(6.925369823357766e-08, 0.09400967673801025, 6.510517783850347e-09)","(2.4559757862229814e-07, 0.09661101746231593, 2.3727431956981354e-08)","(5.9626503512821e-08, 0.09157517036242467, 5.460307217302297e-09)","(5.2015250538396554e-08, 0.09962573568630805, 5.182057601795387e-09)","(1.961577360382582e-07, 0.09573607917141974, 1.877937254744514e-08)","(2.0497977767207727e-07, 0.09471861057744985, 1.9415399737573735e-08)","(1.608640322631616e-07, 0.09482142425401147, 1.5253356650436235e-08)","(8.535162637204075e-08, 0.09529972230187404, 8.133986291268792e-09)","(1.1823093201362864e-07, 0.09371067857203966, 1.1079500867201827e-08)","(1.4514502720067535e-07, 0.09849490644345442, 1.4296045874863165e-08)","(1.6534089560634071e-07, 0.09907894820011182, 1.6381802031140727e-08)","(5.710209306927614e-08, 0.09843250947900456, 5.620702317312524e-09)","(2.0066326378343422e-07, 0.0925477994551971, 1.8570943494654585e-08)","(1.23934760458957e-07, 0.09147501657625251, 1.1336934267356976e-08)","(1.3085601898081423e-07, 0.0985090774095859, 1.289050570329127e-08)","(1.0390956488138532e-07, 0.09458441611688456, 9.828225523265364e-09)","(1.2766612285814297e-07, 0.0910673251806379, 1.1626212324873775e-08)","(1.8173043995890602e-07, 0.09027277240083403, 1.6405310644713758e-08)","(1.5967202025324024e-07, 0.09775274318946821, 1.560837799035856e-08)","(1.6822434787093018e-07, 0.09131905773284707, 1.536208893529602e-08)","(1.7963066825878362e-07, 0.09931855631138589, 1.784065864071188e-08)","(8.690090511166018e-08, 0.09191820921883462, 7.987775577359674e-09)","(1.8057694231847035e-07, 0.09978118888214413, 1.8018181989239335e-08)","(2.320072019344326e-07, 0.09637931887385735, 2.2360696096270092e-08)","(7.089691284675623e-08, 0.09970930086256599, 7.069081613264337e-09)","(1.0311858474836749e-07, 0.09629050541291569, 9.929340642884885e-09)","(1.6103980773608148e-07, 0.0991849054295898, 1.5972718100702565e-08)","(6.876153985847677e-08, 0.0992806626802483, 6.82669124406388e-09)","(1.1940641199817688e-07, 0.09657647927761097, 1.1531850873955807e-08)","(2.4673802940136e-07, 0.09795131954724601, 2.4168315562350394e-08)","(6.965808132605594e-08, 0.09578877553386919, 6.672462316261578e-09)","(9.77810691436436e-08, 0.09841587793242144, 9.62320976494249e-09)","(7.41176554732661e-08, 0.09038602428083987, 6.699200207245554e-09)","(1.363209818214129e-07, 0.09560938447133921, 1.3033565162473909e-08)","(1.3365198706814538e-07, 0.09847382977914698, 1.3161223024193302e-08)","(2.3327644148888602e-07, 0.09342268555218258, 2.1793311639948316e-08)","(1.3208058659075215e-07, 0.09412929799632044, 1.2432652894729716e-08)","(1.9674788415237293e-07, 0.09929876911219403, 1.9536822721759177e-08)","(1.391027878579134e-07, 0.09711706447688662, 1.3509254417311656e-08)","(1.7163095471843402e-07, 0.09436685691606461, 1.6196273746282027e-08)","(1.2831240980914902e-07, 0.09563251831796123, 1.2270838881495192e-08)","(1.0916506524475177e-07, 0.09644207738108844, 1.0528105669645918e-08)","(2.3364699949715212e-07, 0.09927366751293137, 2.3194994543474324e-08)","(1.8021025013555733e-07, 0.09295487947727982, 1.675142208192118e-08)","(1.4947089083800654e-07, 0.09037437189137462, 1.3508337875529062e-08)","(1.2752881983119415e-07, 0.09743142954738121, 1.2425315224643664e-08)","(1.2559458533695832e-07, 0.09220370469505643, 1.1580286057706969e-08)","(1.1781907312757823e-07, 0.09967890230577978, 1.1744075880041394e-08)","(8.500849839844866e-08, 0.09699510261799407, 8.245408025559113e-09)","(8.582795824652803e-08, 0.09423099890476315, 8.08765423952664e-09)","(8.323779870439392e-08, 0.09471791995928622, 7.884111155269962e-09)","(2.397586788762077e-07, 0.09861149357614298, 2.3642961421825683e-08)","(1.799043237957407e-07, 0.09664383572773377, 1.738664391562459e-08)","(1.222257534422658e-07, 0.0989406546184777, 1.2093096056814431e-08)","(2.3589960184668468e-07, 0.09703742942470991, 2.2891090965514833e-08)","(1.4036418036430915e-07, 0.09916346908513092, 1.3918999060215911e-08)","(9.186000898441908e-08, 0.09697074910298609, 8.90773388382615e-09)","(1.676914257389638e-07, 0.09196105512713168, 1.542108044672816e-08)","(9.622356566914112e-08, 0.09171997844030098, 8.82562336862251e-09)","(1.7035547269330728e-07, 0.09806552124039636, 1.6705998225823285e-08)","(7.439038476463429e-08, 0.09666593060299965, 7.191015771188581e-09)","(1.1477075811791745e-07, 0.09975912738797273, 1.1449430679499532e-08)","(2.298457528184645e-07, 0.09447378693845024, 2.1714398680479313e-08)","(1.597976615368347e-07, 0.09028963914062269, 1.4428073195676167e-08)","(2.3418202621126133e-07, 0.09199813950399105, 2.154431071671091e-08)","(2.456438622590631e-07, 0.09934089205433035, 2.4402480404486383e-08)","(1.4940773346281477e-07, 0.09511096253251736, 1.4210313339450116e-08)","(2.4180011525571205e-07, 0.09028376778489952, 2.1830625456108645e-08)","(1.5620933259408088e-07, 0.0906989074870392, 1.4168015805562679e-08)","(1.7486554085469412e-07, 0.09160292901257555, 1.6018195725658176e-08)","(9.335630597607376e-08, 0.0982468178150338, 9.17195998511587e-09)","(2.4377736344928787e-07, 0.09697278981798238, 2.3639771028149692e-08)","(6.671320700613206e-08, 0.09866265915881958, 6.582102404237782e-09)","(1.1826538314250651e-07, 0.09587549797646615, 1.1338752502165377e-08)","(1.0299231855001684e-07, 0.09457641741432171, 9.740644509655182e-09)","(6.580588640397473e-08, 0.09282275243807073, 6.108283502643951e-09)","(2.1501242868282204e-07, 0.09997398130475325, 2.1495648525426045e-08)","(5.973812384219399e-08, 0.09673521765855884, 5.778780412388579e-09)","(7.054074231666225e-08, 0.09028508966279258, 6.368777244939798e-09)","(2.0817719261786774e-07, 0.09489817066326098, 1.9755634753248967e-08)","(5.1573598080746625e-08, 0.09616355365512579, 4.95950046622577e-09)","(1.6941405948532684e-07, 0.09762329309844739, 1.6538758384133864e-08)","(1.1702321554749405e-07, 0.09697125364913216, 1.1347887917693111e-08)","(9.215678167655548e-08, 0.096990207327878, 8.938305361479104e-09)","(2.4757035608415326e-07, 0.09127453296265263, 2.2596868626978696e-08)","(1.1922966951029072e-07, 0.09908716939590437, 1.1814130459783871e-08)","(2.0730251091872448e-07, 0.09362018050953191, 1.9407698492290196e-08)","(1.2445479939085512e-07, 0.09631761406553978, 1.1987189336332558e-08)","(2.228563627434931e-07, 0.09848621217131069, 2.194827902488224e-08)","(1.2970063884433522e-07, 0.09012090249922308, 1.168873862737728e-08)","(8.547181277441916e-08, 0.099874912143701, 8.536489791607975e-09)","(1.8837175000790227e-07, 0.09334294794075033, 1.7583174454495657e-08)","(1.6278636474909064e-07, 0.09909705149657703, 1.613164877048121e-08)","(2.2732400713792254e-07, 0.0932707576534541, 2.1202682378573245e-08)","(7.094012267332202e-08, 0.09405665233872867, 6.6723904551514125e-09)","(2.397423977638859e-07, 0.09603978359907053, 2.302480800076589e-08)","(1.0153172963696025e-07, 0.09853211976445873, 1.0004136544481611e-08)"
0,"(1.408159245690813e-07, 0.09569847961315249, 1.3475869886581446e-08)","(1.6634632053138826e-07, 0.0991388966397581, 1.6491390677565372e-08)","(2.1825100254249582e-07, 0.09406199028352591, 2.052912368052203e-08)","(2.1138780129903832e-07, 0.09356659400720921, 1.977883658222373e-08)","(5.4272079372609965e-08, 0.09705437170766824, 5.267342564777362e-09)","(1.574040169764351e-07, 0.09393779835892022, 1.4786186807616415e-08)","(1.3550331841966868e-07, 0.09294327309729718, 1.2594121929469285e-08)","(1.4355733256232e-07, 0.09911051115756489, 1.422804061066807e-08)","(9.323353344511294e-08, 0.09383694976934388, 8.748750394707506e-09)","(1.6066171188063892e-07, 0.09477227264874571, 1.5226275562566142e-08)","(2.403474840585341e-07, 0.09749386172384045, 2.343240437647567e-08)","(1.675913816530159e-07, 0.09035833320141097, 1.5143277905088044e-08)","(1.0066354798155595e-07, 0.09576601512673405, 9.640146858712406e-09)","(1.6169362833380443e-07, 0.09983168967780229, 1.6142148126698263e-08)","(1.966231617741016e-07, 0.0990592399927723, 1.9477340970318426e-08)","(1.481548754162205e-07, 0.09804208175686456, 1.4525412408235172e-08)","(1.7241556313363377e-07, 0.09966225205974179, 1.7183323312046534e-08)","(7.828084570544021e-08, 0.09362009025980254, 7.328659840556989e-09)","(1.737827235238488e-07, 0.09727065451867935, 1.6903959261203468e-08)","(1.9048151241827525e-07, 0.09858350923010206, 1.8778335937650837e-08)","(1.0655765798615884e-07, 0.09088948231327705, 9.68497037087721e-09)","(9.334346183726811e-08, 0.09990051383945844, 9.325059801096964e-09)","(8.513585639090988e-08, 0.09151598076447638, 7.791291395837732e-09)","(1.9536939186394507e-07, 0.09370180035436418, 1.8306463751788924e-08)","(1.486664826788286e-07, 0.0936513120063177, 1.3922811154236803e-08)","(1.6585035832791647e-07, 0.09291238063361301, 1.5409551621184486e-08)","(1.0488095842264189e-07, 0.09091642042720151, 9.53540131076075e-09)","(5.2188058553282704e-08, 0.09643062804368242, 5.032527262673524e-09)","(2.2380287038719614e-07, 0.09552028439895997, 2.1377713828688552e-08)","(1.2999603745839538e-07, 0.09518711371124203, 1.237394759956316e-08)","(1.5474295163351114e-07, 0.0911433413948849, 1.4103789669185268e-08)","(1.2560954439108677e-07, 0.09448468883754566, 1.1868178716817712e-08)","(1.0059316621716703e-07, 0.09732427763923111, 9.790157237528887e-09)","(7.66960503452805e-08, 0.09021779305738466, 6.919348398369271e-09)","(1.9908875646307114e-07, 0.0972095433596376, 1.9353327103813248e-08)","(1.69842866524527e-07, 0.09384747267769424, 1.5939323775661817e-08)","(2.489305340428049e-07, 0.09636573698495922, 2.3988374371094372e-08)","(9.204950611495602e-08, 0.09026576451656132, 8.308919042838391e-09)","(1.4538554334036853e-07, 0.0906436401445637, 1.3178274872766235e-08)","(1.8137277500771115e-07, 0.09374948065993066, 1.7003603462823372e-08)","(8.69548763847448e-08, 0.09076754559932519, 7.892680707336009e-09)","(1.2058284663669446e-07, 0.09012405302984987, 1.0867414864775705e-08)","(1.767954293315426e-07, 0.09378786385892071, 1.6581265657026156e-08)","(2.3733104373952776e-07, 0.09770651908205229, 2.3188790153899556e-08)","(1.8626130023938753e-07, 0.09337376517188757, 1.7391918909163017e-08)","(1.6529694885812434e-07, 0.09201778869272012, 1.521025971157825e-08)","(8.646127641207371e-08, 0.09134266902379043, 7.897603754682508e-09)","(9.855720130590345e-08, 0.09525626057878896, 9.388190449511298e-09)","(1.4806265401638123e-07, 0.09754400539368042, 1.444262432197653e-08)","(1.9324705028827232e-07, 0.09218820441813416, 1.78150985751767e-08)","(2.372039340104914e-07, 0.09842821084508675, 2.3347558830068694e-08)","(1.3247229634912142e-07, 0.09001468354818849, 1.192445183476801e-08)","(2.1542577577648817e-07, 0.09012026835870071, 1.94142287243584e-08)","(2.2632276029268806e-07, 0.09579151600636893, 2.1679800315182626e-08)","(9.549993993167999e-08, 0.09956788634494383, 9.508727165066475e-09)","(7.90329173769704e-08, 0.092786228931479, 7.333166364862241e-09)","(2.3145927329462907e-07, 0.09398007487957329, 2.1752559835800858e-08)","(5.669873424853409e-08, 0.0948569067896559, 5.378266549704669e-09)","(2.2661942520236814e-07, 0.09779092614598704, 2.2161323473210817e-08)","(1.7717562821998015e-07, 0.09979255392747198, 1.7680808433776094e-08)","(1.592116873373291e-07, 0.09378958662237645, 1.4932398340819144e-08)","(1.5328975919667088e-07, 0.0919636430937139, 1.4097084704683987e-08)","(2.469649252014536e-07, 0.09298560216475983, 2.2964182283432035e-08)","(5.527902509560443e-08, 0.09364012732981157, 5.176334948620248e-09)","(2.109767288125908e-07, 0.09589946653984364, 2.023255574544872e-08)","(9.621310005442087e-08, 0.09350702218256941, 8.996600481042502e-09)","(9.315719311185751e-08, 0.09851048802744174, 9.176960556715717e-09)","(1.4617268149751918e-07, 0.09132279069811935, 1.3348897198180808e-08)","(2.0612226598887286e-07, 0.09224379698834932, 1.901350045865613e-08)","(9.554396041815481e-08, 0.09642053300686769, 9.212399589105555e-09)","(1.5573676989608113e-07, 0.09068791638400554, 1.4123443166250918e-08)","(2.1462743396488346e-07, 0.09480110875983037, 2.0346918710148228e-08)","(1.427388267040781e-07, 0.0919048589706501, 1.3118391737874361e-08)","(1.9022757756661772e-07, 0.09418236635613812, 1.7916083401419872e-08)","(5.2074298158151126e-08, 0.09584052634882238, 4.9908281447227155e-09)","(2.1591966805631322e-07, 0.09306548444164303, 2.0094668508139544e-08)","(2.2822249274257221e-07, 0.09365046718393269, 2.1373143067223577e-08)","(1.971925506512629e-07, 0.0936112722231767, 1.845944553939793e-08)","(1.4602896483266578e-07, 0.09405068232579399, 1.3734123781841591e-08)","(1.582100405083514e-07, 0.0964767115364563, 1.5263584440295283e-08)","(1.5546003549214447e-07, 0.09269924251643913, 1.4411027531700535e-08)","(5.393371023716847e-08, 0.0991014148111454, 5.344906990517752e-09)","(9.720819826272762e-08, 0.09676381087580423, 9.406235712272256e-09)","(1.9208794205556533e-07, 0.09687924908635778, 1.8609335584886973e-08)","(5.354955553316874e-08, 0.09341094726955851, 5.0021147082171204e-09)","(1.9661644653302168e-07, 0.09746423248443001, 1.9163071055156926e-08)","(1.919265910503172e-07, 0.09690576265937187, 1.8598792680344364e-08)","(9.704211647593855e-08, 0.09679587862113931, 9.393276927543411e-09)","(1.583249198753306e-07, 0.09206794393492508, 1.4576649846583443e-08)","(5.290205812664677e-08, 0.09503335082947328, 5.027459849550811e-09)","(2.200651214600509e-07, 0.09761662523010427, 2.1482014487783164e-08)","(8.985763970356512e-08, 0.09434609371077023, 8.477717296101183e-09)","(1.6228996086000983e-07, 0.0916688684097266, 1.4876937066295922e-08)","(1.689096137406226e-07, 0.09879067024422028, 1.6686693952128465e-08)","(9.987529362705229e-08, 0.09859691289889627, 9.847395626498164e-09)","(2.4946724970887435e-07, 0.09206099331776627, 2.296620280845021e-08)","(1.0525476088849959e-07, 0.09571241693246005, 1.0074187558286461e-08)","(2.1033684538692288e-07, 0.09943671919527038, 2.0915205831158453e-08)","(2.1854968503199855e-07, 0.09811414708124655, 2.1442815941789613e-08)","(1.369757827716477e-07, 0.09437170078998035, 1.2926637587199282e-08)"
0,,,,,,,,,,,,,,,,,,,,,,,,,,,,,,,,,,,,,,,,,,,,,,,,,,,,,,,,,,,,,,,,,,,,,,,,,,,,,,,,,,,,,,,,,,,,,,,,,,,,
0,,,,,,,,,,,,,,,,,,,,,,,,,,,,,,,,,,,,,,,,,,,,,,,,,,,,,,,,,,,,,,,,,,,,,,,,,,,,,,,,,,,,,,,,,,,,,,,,,,,,
0,,,,,,,,,,,,,,,,,,,,,,,,,,,,,,,,,,,,,,,,,,,,,,,,,,,,,,,,,,,,,,,,,,,,,,,,,,,,,,,,,,,,,,,,,,,,,,,,,,,,
0,,,,,,,,,,,,,,,,,,,,,,,,,,,,,,,,,,,,,,,,,,,,,,,,,,,,,,,,,,,,,,,,,,,,,,,,,,,,,,,,,,,,,,,,,,,,,,,,,,,,
0,,,,,,,,,,,,,,,,,,,,,,,,,,,,,,,,,,,,,,,,,,,,,,,,,,,,,,,,,,,,,,,,,,,,,,,,,,,,,,,,,,,,,,,,,,,,,,,,,,,,
0,,,,,,,,,,,,,,,,,,,,,,,,,,,,,,,,,,,,,,,,,,,,,,,,,,,,,,,,,,,,,,,,,,,,,,,,,,,,,,,,,,,,,,,,,,,,,,,,,,,,
0,,,,,,,,,,,,,,,,,,,,,,,,,,,,,,,,,,,,,,,,,,,,,,,,,,,,,,,,,,,,,,,,,,,,,,,,,,,,,,,,,,,,,,,,,,,,,,,,,,,,
0,,,,,,,,,,,,,,,,,,,,,,,,,,,,,,,,,,,,,,,,,,,,,,,,,,,,,,,,,,,,,,,,,,,,,,,,,,,,,,,,,,,,,,,,,,,,,,,,,,,,
0,,,,,,,,,,,,,,,,,,,,,,,,,,,,,,,,,,,,,,,,,,,,,,,,,,,,,,,,,,,,,,,,,,,,,,,,,,,,,,,,,,,,,,,,,,,,,,,,,,,,
0,,,,,,,,,,,,,,,,,,,,,,,,,,,,,,,,,,,,,,,,,,,,,,,,,,,,,,,,,,,,,,,,,,,,,,,,,,,,,,,,,,,,,,,,,,,,,,,,,,,,
0,,,,,,,,,,,,,,,,,,,,,,,,,,,,,,,,,,,,,,,,,,,,,,,,,,,,,,,,,,,,,,,,,,,,,,,,,,,,,,,,,,,,,,,,,,,,,,,,,,,,
0,,,,,,,,,,,,,,,,,,,,,,,,,,,,,,,,,,,,,,,,,,,,,,,,,,,,,,,,,,,,,,,,,,,,,,,,,,,,,,,,,,,,,,,,,,,,,,,,,,,,
0,,,,,,,,,,,,,,,,,,,,,,,,,,,,,,,,,,,,,,,,,,,,,,,,,,,,,,,,,,,,,,,,,,,,,,,,,,,,,,,,,,,,,,,,,,,,,,,,,,,,
0,,,,,,,,,,,,,,,,,,,,,,,,,,,,,,,,,,,,,,,,,,,,,,,,,,,,,,,,,,,,,,,,,,,,,,,,,,,,,,,,,,,,,,,,,,,,,,,,,,,,
0,,,,,,,,,,,,,,,,,,,,,,,,,,,,,,,,,,,,,,,,,,,,,,,,,,,,,,,,,,,,,,,,,,,,,,,,,,,,,,,,,,,,,,,,,,,,,,,,,,,,
0,,,,,,,,,,,,,,,,,,,,,,,,,,,,,,,,,,,,,,,,,,,,,,,,,,,,,,,,,,,,,,,,,,,,,,,,,,,,,,,,,,,,,,,,,,,,,,,,,,,,
0,,,,,,,,,,,,,,,,,,,,,,,,,,,,,,,,,,,,,,,,,,,,,,,,,,,,,,,,,,,,,,,,,,,,,,,,,,,,,,,,,,,,,,,,,,,,,,,,,,,,
0,,,,,,,,,,,,,,,,,,,,,,,,,,,,,,,,,,,,,,,,,,,,,,,,,,,,,,,,,,,,,,,,,,,,,,,,,,,,,,,,,,,,,,,,,,,,,,,,,,,,
0,,,,,,,,,,,,,,,,,,,,,,,,,,,,,,,,,,,,,,,,,,,,,,,,,,,,,,,,,,,,,,,,,,,,,,,,,,,,,,,,,,,,,,,,,,,,,,,,,,,,
0,,,,,,,,,,,,,,,,,,,,,,,,,,,,,,,,,,,,,,,,,,,,,,,,,,,,,,,,,,,,,,,,,,,,,,,,,,,,,,,,,,,,,,,,,,,,,,,,,,,,
0,,,,,,,,,,,,,,,,,,,,,,,,,,,,,,,,,,,,,,,,,,,,,,,,,,,,,,,,,,,,,,,,,,,,,,,,,,,,,,,,,,,,,,,,,,,,,,,,,,,,
0,,,,,,,,,,,,,,,,,,,,,,,,,,,,,,,,,,,,,,,,,,,,,,,,,,,,,,,,,,,,,,,,,,,,,,,,,,,,,,,,,,,,,,,,,,,,,,,,,,,,
0,,,,,,,,,,,,,,,,,,,,,,,,,,,,,,,,,,,,,,,,,,,,,,,,,,,,,,,,,,,,,,,,,,,,,,,,,,,,,,,,,,,,,,,,,,,,,,,,,,,,
0,,,,,,,,,,,,,,,,,,,,,,,,,,,,,,,,,,,,,,,,,,,,,,,,,,,,,,,,,,,,,,,,,,,,,,,,,,,,,,,,,,,,,,,,,,,,,,,,,,,,
0,,,,,,,,,,,,,,,,,,,,,,,,,,,,,,,,,,,,,,,,,,,,,,,,,,,,,,,,,,,,,,,,,,,,,,,,,,,,,,,,,,,,,,,,,,,,,,,,,,,,
0,,,,,,,,,,,,,,,,,,,,,,,,,,,,,,,,,,,,,,,,,,,,,,,,,,,,,,,,,,,,,,,,,,,,,,,,,,,,,,,,,,,,,,,,,,,,,,,,,,,,
0,,,,,,,,,,,,,,,,,,,,,,,,,,,,,,,,,,,,,,,,,,,,,,,,,,,,,,,,,,,,,,,,,,,,,,,,,,,,,,,,,,,,,,,,,,,,,,,,,,,,
0,,,,,,,,,,,,,,,,,,,,,,,,,,,,,,,,,,,,,,,,,,,,,,,,,,,,,,,,,,,,,,,,,,,,,,,,,,,,,,,,,,,,,,,,,,,,,,,,,,,,
0,,,,,,,,,,,,,,,,,,,,,,,,,,,,,,,,,,,,,,,,,,,,,,,,,,,,,,,,,,,,,,,,,,,,,,,,,,,,,,,,,,,,,,,,,,,,,,,,,,,,
0,,,,,,,,,,,,,,,,,,,,,,,,,,,,,,,,,,,,,,,,,,,,,,,,,,,,,,,,,,,,,,,,,,,,,,,,,,,,,,,,,,,,,,,,,,,,,,,,,,,,
0,,,,,,,,,,,,,,,,,,,,,,,,,,,,,,,,,,,,,,,,,,,,,,,,,,,,,,,,,,,,,,,,,,,,,,,,,,,,,,,,,,,,,,,,,,,,,,,,,,,,
0,,,,,,,,,,,,,,,,,,,,,,,,,,,,,,,,,,,,,,,,,,,,,,,,,,,,,,,,,,,,,,,,,,,,,,,,,,,,,,,,,,,,,,,,,,,,,,,,,,,,
0,,,,,,,,,,,,,,,,,,,,,,,,,,,,,,,,,,,,,,,,,,,,,,,,,,,,,,,,,,,,,,,,,,,,,,,,,,,,,,,,,,,,,,,,,,,,,,,,,,,,
0,,,,,,,,,,,,,,,,,,,,,,,,,,,,,,,,,,,,,,,,,,,,,,,,,,,,,,,,,,,,,,,,,,,,,,,,,,,,,,,,,,,,,,,,,,,,,,,,,,,,
0,,,,,,,,,,,,,,,,,,,,,,,,,,,,,,,,,,,,,,,,,,,,,,,,,,,,,,,,,,,,,,,,,,,,,,,,,,,,,,,,,,,,,,,,,,,,,,,,,,,,
0,,,,,,,,,,,,,,,,,,,,,,,,,,,,,,,,,,,,,,,,,,,,,,,,,,,,,,,,,,,,,,,,,,,,,,,,,,,,,,,,,,,,,,,,,,,,,,,,,,,,
0,,,,,,,,,,,,,,,,,,,,,,,,,,,,,,,,,,,,,,,,,,,,,,,,,,,,,,,,,,,,,,,,,,,,,,,,,,,,,,,,,,,,,,,,,,,,,,,,,,,,
0,,,,,,,,,,,,,,,,,,,,,,,,,,,,,,,,,,,,,,,,,,,,,,,,,,,,,,,,,,,,,,,,,,,,,,,,,,,,,,,,,,,,,,,,,,,,,,,,,,,,
0,,,,,,,,,,,,,,,,,,,,,,,,,,,,,,,,,,,,,,,,,,,,,,,,,,,,,,,,,,,,,,,,,,,,,,,,,,,,,,,,,,,,,,,,,,,,,,,,,,,,
0,,,,,,,,,,,,,,,,,,,,,,,,,,,,,,,,,,,,,,,,,,,,,,,,,,,,,,,,,,,,,,,,,,,,,,,,,,,,,,,,,,,,,,,,,,,,,,,,,,,,
0,,,,,,,,,,,,,,,,,,,,,,,,,,,,,,,,,,,,,,,,,,,,,,,,,,,,,,,,,,,,,,,,,,,,,,,,,,,,,,,,,,,,,,,,,,,,,,,,,,,,
0,,,,,,,,,,,,,,,,,,,,,,,,,,,,,,,,,,,,,,,,,,,,,,,,,,,,,,,,,,,,,,,,,,,,,,,,,,,,,,,,,,,,,,,,,,,,,,,,,,,,
0,,,,,,,,,,,,,,,,,,,,,,,,,,,,,,,,,,,,,,,,,,,,,,,,,,,,,,,,,,,,,,,,,,,,,,,,,,,,,,,,,,,,,,,,,,,,,,,,,,,,
0,,,,,,,,,,,,,,,,,,,,,,,,,,,,,,,,,,,,,,,,,,,,,,,,,,,,,,,,,,,,,,,,,,,,,,,,,,,,,,,,,,,,,,,,,,,,,,,,,,,,
0,,,,,,,,,,,,,,,,,,,,,,,,,,,,,,,,,,,,,,,,,,,,,,,,,,,,,,,,,,,,,,,,,,,,,,,,,,,,,,,,,,,,,,,,,,,,,,,,,,,,
0,,,,,,,,,,,,,,,,,,,,,,,,,,,,,,,,,,,,,,,,,,,,,,,,,,,,,,,,,,,,,,,,,,,,,,,,,,,,,,,,,,,,,,,,,,,,,,,,,,,,
0,,,,,,,,,,,,,,,,,,,,,,,,,,,,,,,,,,,,,,,,,,,,,,,,,,,,,,,,,,,,,,,,,,,,,,,,,,,,,,,,,,,,,,,,,,,,,,,,,,,,
0,,,,,,,,,,,,,,,,,,,,,,,,,,,,,,,,,,,,,,,,,,,,,,,,,,,,,,,,,,,,,,,,,,,,,,,,,,,,,,,,,,,,,,,,,,,,,,,,,,,,
0,,,,,,,,,,,,,,,,,,,,,,,,,,,,,,,,,,,,,,,,,,,,,,,,,,,,,,,,,,,,,,,,,,,,,,,,,,,,,,,,,,,,,,,,,,,,,,,,,,,,
0,,,,,,,,,,,,,,,,,,,,,,,,,,,,,,,,,,,,,,,,,,,,,,,,,,,,,,,,,,,,,,,,,,,,,,,,,,,,,,,,,,,,,,,,,,,,,,,,,,,,
0,,,,,,,,,,,,,,,,,,,,,,,,,,,,,,,,,,,,,,,,,,,,,,,,,,,,,,,,,,,,,,,,,,,,,,,,,,,,,,,,,,,,,,,,,,,,,,,,,,,,
0,,,,,,,,,,,,,,,,,,,,,,,,,,,,,,,,,,,,,,,,,,,,,,,,,,,,,,,,,,,,,,,,,,,,,,,,,,,,,,,,,,,,,,,,,,,,,,,,,,,,
0,,,,,,,,,,,,,,,,,,,,,,,,,,,,,,,,,,,,,,,,,,,,,,,,,,,,,,,,,,,,,,,,,,,,,,,,,,,,,,,,,,,,,,,,,,,,,,,,,,,,
0,,,,,,,,,,,,,,,,,,,,,,,,,,,,,,,,,,,,,,,,,,,,,,,,,,,,,,,,,,,,,,,,,,,,,,,,,,,,,,,,,,,,,,,,,,,,,,,,,,,,
0,,,,,,,,,,,,,,,,,,,,,,,,,,,,,,,,,,,,,,,,,,,,,,,,,,,,,,,,,,,,,,,,,,,,,,,,,,,,,,,,,,,,,,,,,,,,,,,,,,,,
0,,,,,,,,,,,,,,,,,,,,,,,,,,,,,,,,,,,,,,,,,,,,,,,,,,,,,,,,,,,,,,,,,,,,,,,,,,,,,,,,,,,,,,,,,,,,,,,,,,,,
0,,,,,,,,,,,,,,,,,,,,,,,,,,,,,,,,,,,,,,,,,,,,,,,,,,,,,,,,,,,,,,,,,,,,,,,,,,,,,,,,,,,,,,,,,,,,,,,,,,,,
0,,,,,,,,,,,,,,,,,,,,,,,,,,,,,,,,,,,,,,,,,,,,,,,,,,,,,,,,,,,,,,,,,,,,,,,,,,,,,,,,,,,,,,,,,,,,,,,,,,,,
0,,,,,,,,,,,,,,,,,,,,,,,,,,,,,,,,,,,,,,,,,,,,,,,,,,,,,,,,,,,,,,,,,,,,,,,,,,,,,,,,,,,,,,,,,,,,,,,,,,,,
0,,,,,,,,,,,,,,,,,,,,,,,,,,,,,,,,,,,,,,,,,,,,,,,,,,,,,,,,,,,,,,,,,,,,,,,,,,,,,,,,,,,,,,,,,,,,,,,,,,,,
0,,,,,,,,,,,,,,,,,,,,,,,,,,,,,,,,,,,,,,,,,,,,,,,,,,,,,,,,,,,,,,,,,,,,,,,,,,,,,,,,,,,,,,,,,,,,,,,,,,,,
0,,,,,,,,,,,,,,,,,,,,,,,,,,,,,,,,,,,,,,,,,,,,,,,,,,,,,,,,,,,,,,,,,,,,,,,,,,,,,,,,,,,,,,,,,,,,,,,,,,,,
0,,,,,,,,,,,,,,,,,,,,,,,,,,,,,,,,,,,,,,,,,,,,,,,,,,,,,,,,,,,,,,,,,,,,,,,,,,,,,,,,,,,,,,,,,,,,,,,,,,,,
0,,,,,,,,,,,,,,,,,,,,,,,,,,,,,,,,,,,,,,,,,,,,,,,,,,,,,,,,,,,,,,,,,,,,,,,,,,,,,,,,,,,,,,,,,,,,,,,,,,,,
0,,,,,,,,,,,,,,,,,,,,,,,,,,,,,,,,,,,,,,,,,,,,,,,,,,,,,,,,,,,,,,,,,,,,,,,,,,,,,,,,,,,,,,,,,,,,,,,,,,,,
0,,,,,,,,,,,,,,,,,,,,,,,,,,,,,,,,,,,,,,,,,,,,,,,,,,,,,,,,,,,,,,,,,,,,,,,,,,,,,,,,,,,,,,,,,,,,,,,,,,,,
0,,,,,,,,,,,,,,,,,,,,,,,,,,,,,,,,,,,,,,,,,,,,,,,,,,,,,,,,,,,,,,,,,,,,,,,,,,,,,,,,,,,,,,,,,,,,,,,,,,,,
0,,,,,,,,,,,,,,,,,,,,,,,,,,,,,,,,,,,,,,,,,,,,,,,,,,,,,,,,,,,,,,,,,,,,,,,,,,,,,,,,,,,,,,,,,,,,,,,,,,,,
0,,,,,,,,,,,,,,,,,,,,,,,,,,,,,,,,,,,,,,,,,,,,,,,,,,,,,,,,,,,,,,,,,,,,,,,,,,,,,,,,,,,,,,,,,,,,,,,,,,,,
0,,,,,,,,,,,,,,,,,,,,,,,,,,,,,,,,,,,,,,,,,,,,,,,,,,,,,,,,,,,,,,,,,,,,,,,,,,,,,,,,,,,,,,,,,,,,,,,,,,,,
0,,,,,,,,,,,,,,,,,,,,,,,,,,,,,,,,,,,,,,,,,,,,,,,,,,,,,,,,,,,,,,,,,,,,,,,,,,,,,,,,,,,,,,,,,,,,,,,,,,,,
0,,,,,,,,,,,,,,,,,,,,,,,,,,,,,,,,,,,,,,,,,,,,,,,,,,,,,,,,,,,,,,,,,,,,,,,,,,,,,,,,,,,,,,,,,,,,,,,,,,,,
0,,,,,,,,,,,,,,,,,,,,,,,,,,,,,,,,,,,,,,,,,,,,,,,,,,,,,,,,,,,,,,,,,,,,,,,,,,,,,,,,,,,,,,,,,,,,,,,,,,,,
0,,,,,,,,,,,,,,,,,,,,,,,,,,,,,,,,,,,,,,,,,,,,,,,,,,,,,,,,,,,,,,,,,,,,,,,,,,,,,,,,,,,,,,,,,,,,,,,,,,,,
0,,,,,,,,,,,,,,,,,,,,,,,,,,,,,,,,,,,,,,,,,,,,,,,,,,,,,,,,,,,,,,,,,,,,,,,,,,,,,,,,,,,,,,,,,,,,,,,,,,,,
0,,,,,,,,,,,,,,,,,,,,,,,,,,,,,,,,,,,,,,,,,,,,,,,,,,,,,,,,,,,,,,,,,,,,,,,,,,,,,,,,,,,,,,,,,,,,,,,,,,,,
0,,,,,,,,,,,,,,,,,,,,,,,,,,,,,,,,,,,,,,,,,,,,,,,,,,,,,,,,,,,,,,,,,,,,,,,,,,,,,,,,,,,,,,,,,,,,,,,,,,,,
0,,,,,,,,,,,,,,,,,,,,,,,,,,,,,,,,,,,,,,,,,,,,,,,,,,,,,,,,,,,,,,,,,,,,,,,,,,,,,,,,,,,,,,,,,,,,,,,,,,,,
0,,,,,,,,,,,,,,,,,,,,,,,,,,,,,,,,,,,,,,,,,,,,,,,,,,,,,,,,,,,,,,,,,,,,,,,,,,,,,,,,,,,,,,,,,,,,,,,,,,,,
0,,,,,,,,,,,,,,,,,,,,,,,,,,,,,,,,,,,,,,,,,,,,,,,,,,,,,,,,,,,,,,,,,,,,,,,,,,,,,,,,,,,,,,,,,,,,,,,,,,,,
0,,,,,,,,,,,,,,,,,,,,,,,,,,,,,,,,,,,,,,,,,,,,,,,,,,,,,,,,,,,,,,,,,,,,,,,,,,,,,,,,,,,,,,,,,,,,,,,,,,,,
0,,,,,,,,,,,,,,,,,,,,,,,,,,,,,,,,,,,,,,,,,,,,,,,,,,,,,,,,,,,,,,,,,,,,,,,,,,,,,,,,,,,,,,,,,,,,,,,,,,,,
0,,,,,,,,,,,,,,,,,,,,,,,,,,,,,,,,,,,,,,,,,,,,,,,,,,,,,,,,,,,,,,,,,,,,,,,,,,,,,,,,,,,,,,,,,,,,,,,,,,,,
0,,,,,,,,,,,,,,,,,,,,,,,,,,,,,,,,,,,,,,,,,,,,,,,,,,,,,,,,,,,,,,,,,,,,,,,,,,,,,,,,,,,,,,,,,,,,,,,,,,,,
0,,,,,,,,,,,,,,,,,,,,,,,,,,,,,,,,,,,,,,,,,,,,,,,,,,,,,,,,,,,,,,,,,,,,,,,,,,,,,,,,,,,,,,,,,,,,,,,,,,,,
0,,,,,,,,,,,,,,,,,,,,,,,,,,,,,,,,,,,,,,,,,,,,,,,,,,,,,,,,,,,,,,,,,,,,,,,,,,,,,,,,,,,,,,,,,,,,,,,,,,,,
0,,,,,,,,,,,,,,,,,,,,,,,,,,,,,,,,,,,,,,,,,,,,,,,,,,,,,,,,,,,,,,,,,,,,,,,,,,,,,,,,,,,,,,,,,,,,,,,,,,,,
0,,,,,,,,,,,,,,,,,,,,,,,,,,,,,,,,,,,,,,,,,,,,,,,,,,,,,,,,,,,,,,,,,,,,,,,,,,,,,,,,,,,,,,,,,,,,,,,,,,,,
0,,,,,,,,,,,,,,,,,,,,,,,,,,,,,,,,,,,,,,,,,,,,,,,,,,,,,,,,,,,,,,,,,,,,,,,,,,,,,,,,,,,,,,,,,,,,,,,,,,,,
0,,,,,,,,,,,,,,,,,,,,,,,,,,,,,,,,,,,,,,,,,,,,,,,,,,,,,,,,,,,,,,,,,,,,,,,,,,,,,,,,,,,,,,,,,,,,,,,,,,,,
0,,,,,,,,,,,,,,,,,,,,,,,,,,,,,,,,,,,,,,,,,,,,,,,,,,,,,,,,,,,,,,,,,,,,,,,,,,,,,,,,,,,,,,,,,,,,,,,,,,,,
0,,,,,,,,,,,,,,,,,,,,,,,,,,,,,,,,,,,,,,,,,,,,,,,,,,,,,,,,,,,,,,,,,,,,,,,,,,,,,,,,,,,,,,,,,,,,,,,,,,,,
0,,,,,,,,,,,,,,,,,,,,,,,,,,,,,,,,,,,,,,,,,,,,,,,,,,,,,,,,,,,,,,,,,,,,,,,,,,,,,,,,,,,,,,,,,,,,,,,,,,,,
0,,,,,,,,,,,,,,,,,,,,,,,,,,,,,,,,,,,,,,,,,,,,,,,,,,,,,,,,,,,,,,,,,,,,,,,,,,,,,,,,,,,,,,,,,,,,,,,,,,,,
0,,,,,,,,,,,,,,,,,,,,,,,,,,,,,,,,,,,,,,,,,,,,,,,,,,,,,,,,,,,,,,,,,,,,,,,,,,,,,,,,,,,,,,,,,,,,,,,,,,,,
0,,,,,,,,,,,,,,,,,,,,,,,,,,,,,,,,,,,,,,,,,,,,,,,,,,,,,,,,,,,,,,,,,,,,,,,,,,,,,,,,,,,,,,,,,,,,,,,,,,,,
0,,,,,,,,,,,,,,,,,,,,,,,,,,,,,,,,,,,,,,,,,,,,,,,,,,,,,,,,,,,,,,,,,,,,,,,,,,,,,,,,,,,,,,,,,,,,,,,,,,,,
0,,,,,,,,,,,,,,,,,,,,,,,,,,,,,,,,,,,,,,,,,,,,,,,,,,,,,,,,,,,,,,,,,,,,,,,,,,,,,,,,,,,,,,,,,,,,,,,,,,,,
0,,,,,,,,,,,,,,,,,,,,,,,,,,,,,,,,,,,,,,,,,,,,,,,,,,,,,,,,,,,,,,,,,,,,,,,,,,,,,,,,,,,,,,,,,,,,,,,,,,,,
0,,,,,,,,,,,,,,,,,,,,,,,,,,,,,,,,,,,,,,,,,,,,,,,,,,,,,,,,,,,,,,,,,,,,,,,,,,,,,,,,,,,,,,,,,,,,,,,,,,,,
0,,,,,,,,,,,,,,,,,,,,,,,,,,,,,,,,,,,,,,,,,,,,,,,,,,,,,,,,,,,,,,,,,,,,,,,,,,,,,,,,,,,,,,,,,,,,,,,,,,,,
0,,,,,,,,,,,,,,,,,,,,,,,,,,,,,,,,,,,,,,,,,,,,,,,,,,,,,,,,,,,,,,,,,,,,,,,,,,,,,,,,,,,,,,,,,,,,,,,,,,,,
0,,,,,,,,,,,,,,,,,,,,,,,,,,,,,,,,,,,,,,,,,,,,,,,,,,,,,,,,,,,,,,,,,,,,,,,,,,,,,,,,,,,,,,,,,,,,,,,,,,,,
0,,,,,,,,,,,,,,,,,,,,,,,,,,,,,,,,,,,,,,,,,,,,,,,,,,,,,,,,,,,,,,,,,,,,,,,,,,,,,,,,,,,,,,,,,,,,,,,,,,,,
0,,,,,,,,,,,,,,,,,,,,,,,,,,,,,,,,,,,,,,,,,,,,,,,,,,,,,,,,,,,,,,,,,,,,,,,,,,,,,,,,,,,,,,,,,,,,,,,,,,,,
0,,,,,,,,,,,,,,,,,,,,,,,,,,,,,,,,,,,,,,,,,,,,,,,,,,,,,,,,,,,,,,,,,,,,,,,,,,,,,,,,,,,,,,,,,,,,,,,,,,,,
0,,,,,,,,,,,,,,,,,,,,,,,,,,,,,,,,,,,,,,,,,,,,,,,,,,,,,,,,,,,,,,,,,,,,,,,,,,,,,,,,,,,,,,,,,,,,,,,,,,,,
0,,,,,,,,,,,,,,,,,,,,,,,,,,,,,,,,,,,,,,,,,,,,,,,,,,,,,,,,,,,,,,,,,,,,,,,,,,,,,,,,,,,,,,,,,,,,,,,,,,,,
0,,,,,,,,,,,,,,,,,,,,,,,,,,,,,,,,,,,,,,,,,,,,,,,,,,,,,,,,,,,,,,,,,,,,,,,,,,,,,,,,,,,,,,,,,,,,,,,,,,,,
0,,,,,,,,,,,,,,,,,,,,,,,,,,,,,,,,,,,,,,,,,,,,,,,,,,,,,,,,,,,,,,,,,,,,,,,,,,,,,,,,,,,,,,,,,,,,,,,,,,,,
0,,,,,,,,,,,,,,,,,,,,,,,,,,,,,,,,,,,,,,,,,,,,,,,,,,,,,,,,,,,,,,,,,,,,,,,,,,,,,,,,,,,,,,,,,,,,,,,,,,,,
0,,,,,,,,,,,,,,,,,,,,,,,,,,,,,,,,,,,,,,,,,,,,,,,,,,,,,,,,,,,,,,,,,,,,,,,,,,,,,,,,,,,,,,,,,,,,,,,,,,,,
0,,,,,,,,,,,,,,,,,,,,,,,,,,,,,,,,,,,,,,,,,,,,,,,,,,,,,,,,,,,,,,,,,,,,,,,,,,,,,,,,,,,,,,,,,,,,,,,,,,,,
0,,,,,,,,,,,,,,,,,,,,,,,,,,,,,,,,,,,,,,,,,,,,,,,,,,,,,,,,,,,,,,,,,,,,,,,,,,,,,,,,,,,,,,,,,,,,,,,,,,,,
0,,,,,,,,,,,,,,,,,,,,,,,,,,,,,,,,,,,,,,,,,,,,,,,,,,,,,,,,,,,,,,,,,,,,,,,,,,,,,,,,,,,,,,,,,,,,,,,,,,,,
0,,,,,,,,,,,,,,,,,,,,,,,,,,,,,,,,,,,,,,,,,,,,,,,,,,,,,,,,,,,,,,,,,,,,,,,,,,,,,,,,,,,,,,,,,,,,,,,,,,,,
0,,,,,,,,,,,,,,,,,,,,,,,,,,,,,,,,,,,,,,,,,,,,,,,,,,,,,,,,,,,,,,,,,,,,,,,,,,,,,,,,,,,,,,,,,,,,,,,,,,,,
0,,,,,,,,,,,,,,,,,,,,,,,,,,,,,,,,,,,,,,,,,,,,,,,,,,,,,,,,,,,,,,,,,,,,,,,,,,,,,,,,,,,,,,,,,,,,,,,,,,,,
0,,,,,,,,,,,,,,,,,,,,,,,,,,,,,,,,,,,,,,,,,,,,,,,,,,,,,,,,,,,,,,,,,,,,,,,,,,,,,,,,,,,,,,,,,,,,,,,,,,,,
0,,,,,,,,,,,,,,,,,,,,,,,,,,,,,,,,,,,,,,,,,,,,,,,,,,,,,,,,,,,,,,,,,,,,,,,,,,,,,,,,,,,,,,,,,,,,,,,,,,,,
0,,,,,,,,,,,,,,,,,,,,,,,,,,,,,,,,,,,,,,,,,,,,,,,,,,,,,,,,,,,,,,,,,,,,,,,,,,,,,,,,,,,,,,,,,,,,,,,,,,,,
0,,,,,,,,,,,,,,,,,,,,,,,,,,,,,,,,,,,,,,,,,,,,,,,,,,,,,,,,,,,,,,,,,,,,,,,,,,,,,,,,,,,,,,,,,,,,,,,,,,,,
0,,,,,,,,,,,,,,,,,,,,,,,,,,,,,,,,,,,,,,,,,,,,,,,,,,,,,,,,,,,,,,,,,,,,,,,,,,,,,,,,,,,,,,,,,,,,,,,,,,,,
0,,,,,,,,,,,,,,,,,,,,,,,,,,,,,,,,,,,,,,,,,,,,,,,,,,,,,,,,,,,,,,,,,,,,,,,,,,,,,,,,,,,,,,,,,,,,,,,,,,,,
0,,,,,,,,,,,,,,,,,,,,,,,,,,,,,,,,,,,,,,,,,,,,,,,,,,,,,,,,,,,,,,,,,,,,,,,,,,,,,,,,,,,,,,,,,,,,,,,,,,,,
0,,,,,,,,,,,,,,,,,,,,,,,,,,,,,,,,,,,,,,,,,,,,,,,,,,,,,,,,,,,,,,,,,,,,,,,,,,,,,,,,,,,,,,,,,,,,,,,,,,,,
0,,,,,,,,,,,,,,,,,,,,,,,,,,,,,,,,,,,,,,,,,,,,,,,,,,,,,,,,,,,,,,,,,,,,,,,,,,,,,,,,,,,,,,,,,,,,,,,,,,,,
0,,,,,,,,,,,,,,,,,,,,,,,,,,,,,,,,,,,,,,,,,,,,,,,,,,,,,,,,,,,,,,,,,,,,,,,,,,,,,,,,,,,,,,,,,,,,,,,,,,,,
0,,,,,,,,,,,,,,,,,,,,,,,,,,,,,,,,,,,,,,,,,,,,,,,,,,,,,,,,,,,,,,,,,,,,,,,,,,,,,,,,,,,,,,,,,,,,,,,,,,,,
0,,,,,,,,,,,,,,,,,,,,,,,,,,,,,,,,,,,,,,,,,,,,,,,,,,,,,,,,,,,,,,,,,,,,,,,,,,,,,,,,,,,,,,,,,,,,,,,,,,,,
0,,,,,,,,,,,,,,,,,,,,,,,,,,,,,,,,,,,,,,,,,,,,,,,,,,,,,,,,,,,,,,,,,,,,,,,,,,,,,,,,,,,,,,,,,,,,,,,,,,,,
0,,,,,,,,,,,,,,,,,,,,,,,,,,,,,,,,,,,,,,,,,,,,,,,,,,,,,,,,,,,,,,,,,,,,,,,,,,,,,,,,,,,,,,,,,,,,,,,,,,,,
0,,,,,,,,,,,,,,,,,,,,,,,,,,,,,,,,,,,,,,,,,,,,,,,,,,,,,,,,,,,,,,,,,,,,,,,,,,,,,,,,,,,,,,,,,,,,,,,,,,,,
0,,,,,,,,,,,,,,,,,,,,,,,,,,,,,,,,,,,,,,,,,,,,,,,,,,,,,,,,,,,,,,,,,,,,,,,,,,,,,,,,,,,,,,,,,,,,,,,,,,,,
0,,,,,,,,,,,,,,,,,,,,,,,,,,,,,,,,,,,,,,,,,,,,,,,,,,,,,,,,,,,,,,,,,,,,,,,,,,,,,,,,,,,,,,,,,,,,,,,,,,,,
0,,,,,,,,,,,,,,,,,,,,,,,,,,,,,,,,,,,,,,,,,,,,,,,,,,,,,,,,,,,,,,,,,,,,,,,,,,,,,,,,,,,,,,,,,,,,,,,,,,,,
0,,,,,,,,,,,,,,,,,,,,,,,,,,,,,,,,,,,,,,,,,,,,,,,,,,,,,,,,,,,,,,,,,,,,,,,,,,,,,,,,,,,,,,,,,,,,,,,,,,,,
0,,,,,,,,,,,,,,,,,,,,,,,,,,,,,,,,,,,,,,,,,,,,,,,,,,,,,,,,,,,,,,,,,,,,,,,,,,,,,,,,,,,,,,,,,,,,,,,,,,,,
0,,,,,,,,,,,,,,,,,,,,,,,,,,,,,,,,,,,,,,,,,,,,,,,,,,,,,,,,,,,,,,,,,,,,,,,,,,,,,,,,,,,,,,,,,,,,,,,,,,,,
0,,,,,,,,,,,,,,,,,,,,,,,,,,,,,,,,,,,,,,,,,,,,,,,,,,,,,,,,,,,,,,,,,,,,,,,,,,,,,,,,,,,,,,,,,,,,,,,,,,,,
0,,,,,,,,,,,,,,,,,,,,,,,,,,,,,,,,,,,,,,,,,,,,,,,,,,,,,,,,,,,,,,,,,,,,,,,,,,,,,,,,,,,,,,,,,,,,,,,,,,,,
0,,,,,,,,,,,,,,,,,,,,,,,,,,,,,,,,,,,,,,,,,,,,,,,,,,,,,,,,,,,,,,,,,,,,,,,,,,,,,,,,,,,,,,,,,,,,,,,,,,,,
0,,,,,,,,,,,,,,,,,,,,,,,,,,,,,,,,,,,,,,,,,,,,,,,,,,,,,,,,,,,,,,,,,,,,,,,,,,,,,,,,,,,,,,,,,,,,,,,,,,,,
0,,,,,,,,,,,,,,,,,,,,,,,,,,,,,,,,,,,,,,,,,,,,,,,,,,,,,,,,,,,,,,,,,,,,,,,,,,,,,,,,,,,,,,,,,,,,,,,,,,,,
0,,,,,,,,,,,,,,,,,,,,,,,,,,,,,,,,,,,,,,,,,,,,,,,,,,,,,,,,,,,,,,,,,,,,,,,,,,,,,,,,,,,,,,,,,,,,,,,,,,,,
0,,,,,,,,,,,,,,,,,,,,,,,,,,,,,,,,,,,,,,,,,,,,,,,,,,,,,,,,,,,,,,,,,,,,,,,,,,,,,,,,,,,,,,,,,,,,,,,,,,,,
0,,,,,,,,,,,,,,,,,,,,,,,,,,,,,,,,,,,,,,,,,,,,,,,,,,,,,,,,,,,,,,,,,,,,,,,,,,,,,,,,,,,,,,,,,,,,,,,,,,,,
0,,,,,,,,,,,,,,,,,,,,,,,,,,,,,,,,,,,,,,,,,,,,,,,,,,,,,,,,,,,,,,,,,,,,,,,,,,,,,,,,,,,,,,,,,,,,,,,,,,,,
0,,,,,,,,,,,,,,,,,,,,,,,,,,,,,,,,,,,,,,,,,,,,,,,,,,,,,,,,,,,,,,,,,,,,,,,,,,,,,,,,,,,,,,,,,,,,,,,,,,,,
0,,,,,,,,,,,,,,,,,,,,,,,,,,,,,,,,,,,,,,,,,,,,,,,,,,,,,,,,,,,,,,,,,,,,,,,,,,,,,,,,,,,,,,,,,,,,,,,,,,,,
0,,,,,,,,,,,,,,,,,,,,,,,,,,,,,,,,,,,,,,,,,,,,,,,,,,,,,,,,,,,,,,,,,,,,,,,,,,,,,,,,,,,,,,,,,,,,,,,,,,,,
0,,,,,,,,,,,,,,,,,,,,,,,,,,,,,,,,,,,,,,,,,,,,,,,,,,,,,,,,,,,,,,,,,,,,,,,,,,,,,,,,,,,,,,,,,,,,,,,,,,,,
0,,,,,,,,,,,,,,,,,,,,,,,,,,,,,,,,,,,,,,,,,,,,,,,,,,,,,,,,,,,,,,,,,,,,,,,,,,,,,,,,,,,,,,,,,,,,,,,,,,,,
0,,,,,,,,,,,,,,,,,,,,,,,,,,,,,,,,,,,,,,,,,,,,,,,,,,,,,,,,,,,,,,,,,,,,,,,,,,,,,,,,,,,,,,,,,,,,,,,,,,,,
0,,,,,,,,,,,,,,,,,,,,,,,,,,,,,,,,,,,,,,,,,,,,,,,,,,,,,,,,,,,,,,,,,,,,,,,,,,,,,,,,,,,,,,,,,,,,,,,,,,,,
0,,,,,,,,,,,,,,,,,,,,,,,,,,,,,,,,,,,,,,,,,,,,,,,,,,,,,,,,,,,,,,,,,,,,,,,,,,,,,,,,,,,,,,,,,,,,,,,,,,,,
0,,,,,,,,,,,,,,,,,,,,,,,,,,,,,,,,,,,,,,,,,,,,,,,,,,,,,,,,,,,,,,,,,,,,,,,,,,,,,,,,,,,,,,,,,,,,,,,,,,,,
0,,,,,,,,,,,,,,,,,,,,,,,,,,,,,,,,,,,,,,,,,,,,,,,,,,,,,,,,,,,,,,,,,,,,,,,,,,,,,,,,,,,,,,,,,,,,,,,,,,,,
0,,,,,,,,,,,,,,,,,,,,,,,,,,,,,,,,,,,,,,,,,,,,,,,,,,,,,,,,,,,,,,,,,,,,,,,,,,,,,,,,,,,,,,,,,,,,,,,,,,,,
0,,,,,,,,,,,,,,,,,,,,,,,,,,,,,,,,,,,,,,,,,,,,,,,,,,,,,,,,,,,,,,,,,,,,,,,,,,,,,,,,,,,,,,,,,,,,,,,,,,,,
0,,,,,,,,,,,,,,,,,,,,,,,,,,,,,,,,,,,,,,,,,,,,,,,,,,,,,,,,,,,,,,,,,,,,,,,,,,,,,,,,,,,,,,,,,,,,,,,,,,,,
0,,,,,,,,,,,,,,,,,,,,,,,,,,,,,,,,,,,,,,,,,,,,,,,,,,,,,,,,,,,,,,,,,,,,,,,,,,,,,,,,,,,,,,,,,,,,,,,,,,,,
0,,,,,,,,,,,,,,,,,,,,,,,,,,,,,,,,,,,,,,,,,,,,,,,,,,,,,,,,,,,,,,,,,,,,,,,,,,,,,,,,,,,,,,,,,,,,,,,,,,,,
0,,,,,,,,,,,,,,,,,,,,,,,,,,,,,,,,,,,,,,,,,,,,,,,,,,,,,,,,,,,,,,,,,,,,,,,,,,,,,,,,,,,,,,,,,,,,,,,,,,,,
0,,,,,,,,,,,,,,,,,,,,,,,,,,,,,,,,,,,,,,,,,,,,,,,,,,,,,,,,,,,,,,,,,,,,,,,,,,,,,,,,,,,,,,,,,,,,,,,,,,,,
0,,,,,,,,,,,,,,,,,,,,,,,,,,,,,,,,,,,,,,,,,,,,,,,,,,,,,,,,,,,,,,,,,,,,,,,,,,,,,,,,,,,,,,,,,,,,,,,,,,,,
0,,,,,,,,,,,,,,,,,,,,,,,,,,,,,,,,,,,,,,,,,,,,,,,,,,,,,,,,,,,,,,,,,,,,,,,,,,,,,,,,,,,,,,,,,,,,,,,,,,,,
0,,,,,,,,,,,,,,,,,,,,,,,,,,,,,,,,,,,,,,,,,,,,,,,,,,,,,,,,,,,,,,,,,,,,,,,,,,,,,,,,,,,,,,,,,,,,,,,,,,,,
0,,,,,,,,,,,,,,,,,,,,,,,,,,,,,,,,,,,,,,,,,,,,,,,,,,,,,,,,,,,,,,,,,,,,,,,,,,,,,,,,,,,,,,,,,,,,,,,,,,,,
0,,,,,,,,,,,,,,,,,,,,,,,,,,,,,,,,,,,,,,,,,,,,,,,,,,,,,,,,,,,,,,,,,,,,,,,,,,,,,,,,,,,,,,,,,,,,,,,,,,,,
0,,,,,,,,,,,,,,,,,,,,,,,,,,,,,,,,,,,,,,,,,,,,,,,,,,,,,,,,,,,,,,,,,,,,,,,,,,,,,,,,,,,,,,,,,,,,,,,,,,,,
0,,,,,,,,,,,,,,,,,,,,,,,,,,,,,,,,,,,,,,,,,,,,,,,,,,,,,,,,,,,,,,,,,,,,,,,,,,,,,,,,,,,,,,,,,,,,,,,,,,,,
0,,,,,,,,,,,,,,,,,,,,,,,,,,,,,,,,,,,,,,,,,,,,,,,,,,,,,,,,,,,,,,,,,,,,,,,,,,,,,,,,,,,,,,,,,,,,,,,,,,,,
0,,,,,,,,,,,,,,,,,,,,,,,,,,,,,,,,,,,,,,,,,,,,,,,,,,,,,,,,,,,,,,,,,,,,,,,,,,,,,,,,,,,,,,,,,,,,,,,,,,,,
0,,,,,,,,,,,,,,,,,,,,,,,,,,,,,,,,,,,,,,,,,,,,,,,,,,,,,,,,,,,,,,,,,,,,,,,,,,,,,,,,,,,,,,,,,,,,,,,,,,,,
0,,,,,,,,,,,,,,,,,,,,,,,,,,,,,,,,,,,,,,,,,,,,,,,,,,,,,,,,,,,,,,,,,,,,,,,,,,,,,,,,,,,,,,,,,,,,,,,,,,,,
0,,,,,,,,,,,,,,,,,,,,,,,,,,,,,,,,,,,,,,,,,,,,,,,,,,,,,,,,,,,,,,,,,,,,,,,,,,,,,,,,,,,,,,,,,,,,,,,,,,,,
0,,,,,,,,,,,,,,,,,,,,,,,,,,,,,,,,,,,,,,,,,,,,,,,,,,,,,,,,,,,,,,,,,,,,,,,,,,,,,,,,,,,,,,,,,,,,,,,,,,,,
0,,,,,,,,,,,,,,,,,,,,,,,,,,,,,,,,,,,,,,,,,,,,,,,,,,,,,,,,,,,,,,,,,,,,,,,,,,,,,,,,,,,,,,,,,,,,,,,,,,,,
0,,,,,,,,,,,,,,,,,,,,,,,,,,,,,,,,,,,,,,,,,,,,,,,,,,,,,,,,,,,,,,,,,,,,,,,,,,,,,,,,,,,,,,,,,,,,,,,,,,,,
0,,,,,,,,,,,,,,,,,,,,,,,,,,,,,,,,,,,,,,,,,,,,,,,,,,,,,,,,,,,,,,,,,,,,,,,,,,,,,,,,,,,,,,,,,,,,,,,,,,,,
0,,,,,,,,,,,,,,,,,,,,,,,,,,,,,,,,,,,,,,,,,,,,,,,,,,,,,,,,,,,,,,,,,,,,,,,,,,,,,,,,,,,,,,,,,,,,,,,,,,,,
0,,,,,,,,,,,,,,,,,,,,,,,,,,,,,,,,,,,,,,,,,,,,,,,,,,,,,,,,,,,,,,,,,,,,,,,,,,,,,,,,,,,,,,,,,,,,,,,,,,,,
0,,,,,,,,,,,,,,,,,,,,,,,,,,,,,,,,,,,,,,,,,,,,,,,,,,,,,,,,,,,,,,,,,,,,,,,,,,,,,,,,,,,,,,,,,,,,,,,,,,,,
0,,,,,,,,,,,,,,,,,,,,,,,,,,,,,,,,,,,,,,,,,,,,,,,,,,,,,,,,,,,,,,,,,,,,,,,,,,,,,,,,,,,,,,,,,,,,,,,,,,,,
0,,,,,,,,,,,,,,,,,,,,,,,,,,,,,,,,,,,,,,,,,,,,,,,,,,,,,,,,,,,,,,,,,,,,,,,,,,,,,,,,,,,,,,,,,,,,,,,,,,,,
0,,,,,,,,,,,,,,,,,,,,,,,,,,,,,,,,,,,,,,,,,,,,,,,,,,,,,,,,,,,,,,,,,,,,,,,,,,,,,,,,,,,,,,,,,,,,,,,,,,,,
0,,,,,,,,,,,,,,,,,,,,,,,,,,,,,,,,,,,,,,,,,,,,,,,,,,,,,,,,,,,,,,,,,,,,,,,,,,,,,,,,,,,,,,,,,,,,,,,,,,,,
0,,,,,,,,,,,,,,,,,,,,,,,,,,,,,,,,,,,,,,,,,,,,,,,,,,,,,,,,,,,,,,,,,,,,,,,,,,,,,,,,,,,,,,,,,,,,,,,,,,,,
0,,,,,,,,,,,,,,,,,,,,,,,,,,,,,,,,,,,,,,,,,,,,,,,,,,,,,,,,,,,,,,,,,,,,,,,,,,,,,,,,,,,,,,,,,,,,,,,,,,,,
0,,,,,,,,,,,,,,,,,,,,,,,,,,,,,,,,,,,,,,,,,,,,,,,,,,,,,,,,,,,,,,,,,,,,,,,,,,,,,,,,,,,,,,,,,,,,,,,,,,,,
0,,,,,,,,,,,,,,,,,,,,,,,,,,,,,,,,,,,,,,,,,,,,,,,,,,,,,,,,,,,,,,,,,,,,,,,,,,,,,,,,,,,,,,,,,,,,,,,,,,,,
0,,,,,,,,,,,,,,,,,,,,,,,,,,,,,,,,,,,,,,,,,,,,,,,,,,,,,,,,,,,,,,,,,,,,,,,,,,,,,,,,,,,,,,,,,,,,,,,,,,,,
0,,,,,,,,,,,,,,,,,,,,,,,,,,,,,,,,,,,,,,,,,,,,,,,,,,,,,,,,,,,,,,,,,,,,,,,,,,,,,,,,,,,,,,,,,,,,,,,,,,,,
0,,,,,,,,,,,,,,,,,,,,,,,,,,,,,,,,,,,,,,,,,,,,,,,,,,,,,,,,,,,,,,,,,,,,,,,,,,,,,,,,,,,,,,,,,,,,,,,,,,,,
0,,,,,,,,,,,,,,,,,,,,,,,,,,,,,,,,,,,,,,,,,,,,,,,,,,,,,,,,,,,,,,,,,,,,,,,,,,,,,,,,,,,,,,,,,,,,,,,,,,,,
0,,,,,,,,,,,,,,,,,,,,,,,,,,,,,,,,,,,,,,,,,,,,,,,,,,,,,,,,,,,,,,,,,,,,,,,,,,,,,,,,,,,,,,,,,,,,,,,,,,,,
0,,,,,,,,,,,,,,,,,,,,,,,,,,,,,,,,,,,,,,,,,,,,,,,,,,,,,,,,,,,,,,,,,,,,,,,,,,,,,,,,,,,,,,,,,,,,,,,,,,,,
0,,,,,,,,,,,,,,,,,,,,,,,,,,,,,,,,,,,,,,,,,,,,,,,,,,,,,,,,,,,,,,,,,,,,,,,,,,,,,,,,,,,,,,,,,,,,,,,,,,,,
0,,,,,,,,,,,,,,,,,,,,,,,,,,,,,,,,,,,,,,,,,,,,,,,,,,,,,,,,,,,,,,,,,,,,,,,,,,,,,,,,,,,,,,,,,,,,,,,,,,,,
0,,,,,,,,,,,,,,,,,,,,,,,,,,,,,,,,,,,,,,,,,,,,,,,,,,,,,,,,,,,,,,,,,,,,,,,,,,,,,,,,,,,,,,,,,,,,,,,,,,,,
0,,,,,,,,,,,,,,,,,,,,,,,,,,,,,,,,,,,,,,,,,,,,,,,,,,,,,,,,,,,,,,,,,,,,,,,,,,,,,,,,,,,,,,,,,,,,,,,,,,,,
0,,,,,,,,,,,,,,,,,,,,,,,,,,,,,,,,,,,,,,,,,,,,,,,,,,,,,,,,,,,,,,,,,,,,,,,,,,,,,,,,,,,,,,,,,,,,,,,,,,,,
0,,,,,,,,,,,,,,,,,,,,,,,,,,,,,,,,,,,,,,,,,,,,,,,,,,,,,,,,,,,,,,,,,,,,,,,,,,,,,,,,,,,,,,,,,,,,,,,,,,,,
0,,,,,,,,,,,,,,,,,,,,,,,,,,,,,,,,,,,,,,,,,,,,,,,,,,,,,,,,,,,,,,,,,,,,,,,,,,,,,,,,,,,,,,,,,,,,,,,,,,,,
0,,,,,,,,,,,,,,,,,,,,,,,,,,,,,,,,,,,,,,,,,,,,,,,,,,,,,,,,,,,,,,,,,,,,,,,,,,,,,,,,,,,,,,,,,,,,,,,,,,,,
0,,,,,,,,,,,,,,,,,,,,,,,,,,,,,,,,,,,,,,,,,,,,,,,,,,,,,,,,,,,,,,,,,,,,,,,,,,,,,,,,,,,,,,,,,,,,,,,,,,,,
0,,,,,,,,,,,,,,,,,,,,,,,,,,,,,,,,,,,,,,,,,,,,,,,,,,,,,,,,,,,,,,,,,,,,,,,,,,,,,,,,,,,,,,,,,,,,,,,,,,,,
0,,,,,,,,,,,,,,,,,,,,,,,,,,,,,,,,,,,,,,,,,,,,,,,,,,,,,,,,,,,,,,,,,,,,,,,,,,,,,,,,,,,,,,,,,,,,,,,,,,,,
0,,,,,,,,,,,,,,,,,,,,,,,,,,,,,,,,,,,,,,,,,,,,,,,,,,,,,,,,,,,,,,,,,,,,,,,,,,,,,,,,,,,,,,,,,,,,,,,,,,,,
0,,,,,,,,,,,,,,,,,,,,,,,,,,,,,,,,,,,,,,,,,,,,,,,,,,,,,,,,,,,,,,,,,,,,,,,,,,,,,,,,,,,,,,,,,,,,,,,,,,,,
0,,,,,,,,,,,,,,,,,,,,,,,,,,,,,,,,,,,,,,,,,,,,,,,,,,,,,,,,,,,,,,,,,,,,,,,,,,,,,,,,,,,,,,,,,,,,,,,,,,,,
0,,,,,,,,,,,,,,,,,,,,,,,,,,,,,,,,,,,,,,,,,,,,,,,,,,,,,,,,,,,,,,,,,,,,,,,,,,,,,,,,,,,,,,,,,,,,,,,,,,,,
0,,,,,,,,,,,,,,,,,,,,,,,,,,,,,,,,,,,,,,,,,,,,,,,,,,,,,,,,,,,,,,,,,,,,,,,,,,,,,,,,,,,,,,,,,,,,,,,,,,,,
0,,,,,,,,,,,,,,,,,,,,,,,,,,,,,,,,,,,,,,,,,,,,,,,,,,,,,,,,,,,,,,,,,,,,,,,,,,,,,,,,,,,,,,,,,,,,,,,,,,,,
0,,,,,,,,,,,,,,,,,,,,,,,,,,,,,,,,,,,,,,,,,,,,,,,,,,,,,,,,,,,,,,,,,,,,,,,,,,,,,,,,,,,,,,,,,,,,,,,,,,,,
0,,,,,,,,,,,,,,,,,,,,,,,,,,,,,,,,,,,,,,,,,,,,,,,,,,,,,,,,,,,,,,,,,,,,,,,,,,,,,,,,,,,,,,,,,,,,,,,,,,,,
0,,,,,,,,,,,,,,,,,,,,,,,,,,,,,,,,,,,,,,,,,,,,,,,,,,,,,,,,,,,,,,,,,,,,,,,,,,,,,,,,,,,,,,,,,,,,,,,,,,,,
0,,,,,,,,,,,,,,,,,,,,,,,,,,,,,,,,,,,,,,,,,,,,,,,,,,,,,,,,,,,,,,,,,,,,,,,,,,,,,,,,,,,,,,,,,,,,,,,,,,,,
0,,,,,,,,,,,,,,,,,,,,,,,,,,,,,,,,,,,,,,,,,,,,,,,,,,,,,,,,,,,,,,,,,,,,,,,,,,,,,,,,,,,,,,,,,,,,,,,,,,,,
0,,,,,,,,,,,,,,,,,,,,,,,,,,,,,,,,,,,,,,,,,,,,,,,,,,,,,,,,,,,,,,,,,,,,,,,,,,,,,,,,,,,,,,,,,,,,,,,,,,,,
0,,,,,,,,,,,,,,,,,,,,,,,,,,,,,,,,,,,,,,,,,,,,,,,,,,,,,,,,,,,,,,,,,,,,,,,,,,,,,,,,,,,,,,,,,,,,,,,,,,,,
0,,,,,,,,,,,,,,,,,,,,,,,,,,,,,,,,,,,,,,,,,,,,,,,,,,,,,,,,,,,,,,,,,,,,,,,,,,,,,,,,,,,,,,,,,,,,,,,,,,,,
0,,,,,,,,,,,,,,,,,,,,,,,,,,,,,,,,,,,,,,,,,,,,,,,,,,,,,,,,,,,,,,,,,,,,,,,,,,,,,,,,,,,,,,,,,,,,,,,,,,,,
0,,,,,,,,,,,,,,,,,,,,,,,,,,,,,,,,,,,,,,,,,,,,,,,,,,,,,,,,,,,,,,,,,,,,,,,,,,,,,,,,,,,,,,,,,,,,,,,,,,,,
0,,,,,,,,,,,,,,,,,,,,,,,,,,,,,,,,,,,,,,,,,,,,,,,,,,,,,,,,,,,,,,,,,,,,,,,,,,,,,,,,,,,,,,,,,,,,,,,,,,,,
0,,,,,,,,,,,,,,,,,,,,,,,,,,,,,,,,,,,,,,,,,,,,,,,,,,,,,,,,,,,,,,,,,,,,,,,,,,,,,,,,,,,,,,,,,,,,,,,,,,,,
0,,,,,,,,,,,,,,,,,,,,,,,,,,,,,,,,,,,,,,,,,,,,,,,,,,,,,,,,,,,,,,,,,,,,,,,,,,,,,,,,,,,,,,,,,,,,,,,,,,,,
0,,,,,,,,,,,,,,,,,,,,,,,,,,,,,,,,,,,,,,,,,,,,,,,,,,,,,,,,,,,,,,,,,,,,,,,,,,,,,,,,,,,,,,,,,,,,,,,,,,,,
0,,,,,,,,,,,,,,,,,,,,,,,,,,,,,,,,,,,,,,,,,,,,,,,,,,,,,,,,,,,,,,,,,,,,,,,,,,,,,,,,,,,,,,,,,,,,,,,,,,,,
0,,,,,,,,,,,,,,,,,,,,,,,,,,,,,,,,,,,,,,,,,,,,,,,,,,,,,,,,,,,,,,,,,,,,,,,,,,,,,,,,,,,,,,,,,,,,,,,,,,,,
0,,,,,,,,,,,,,,,,,,,,,,,,,,,,,,,,,,,,,,,,,,,,,,,,,,,,,,,,,,,,,,,,,,,,,,,,,,,,,,,,,,,,,,,,,,,,,,,,,,,,
0,,,,,,,,,,,,,,,,,,,,,,,,,,,,,,,,,,,,,,,,,,,,,,,,,,,,,,,,,,,,,,,,,,,,,,,,,,,,,,,,,,,,,,,,,,,,,,,,,,,,
0,,,,,,,,,,,,,,,,,,,,,,,,,,,,,,,,,,,,,,,,,,,,,,,,,,,,,,,,,,,,,,,,,,,,,,,,,,,,,,,,,,,,,,,,,,,,,,,,,,,,
0,,,,,,,,,,,,,,,,,,,,,,,,,,,,,,,,,,,,,,,,,,,,,,,,,,,,,,,,,,,,,,,,,,,,,,,,,,,,,,,,,,,,,,,,,,,,,,,,,,,,
0,,,,,,,,,,,,,,,,,,,,,,,,,,,,,,,,,,,,,,,,,,,,,,,,,,,,,,,,,,,,,,,,,,,,,,,,,,,,,,,,,,,,,,,,,,,,,,,,,,,,
0,,,,,,,,,,,,,,,,,,,,,,,,,,,,,,,,,,,,,,,,,,,,,,,,,,,,,,,,,,,,,,,,,,,,,,,,,,,,,,,,,,,,,,,,,,,,,,,,,,,,
0,,,,,,,,,,,,,,,,,,,,,,,,,,,,,,,,,,,,,,,,,,,,,,,,,,,,,,,,,,,,,,,,,,,,,,,,,,,,,,,,,,,,,,,,,,,,,,,,,,,,
0,,,,,,,,,,,,,,,,,,,,,,,,,,,,,,,,,,,,,,,,,,,,,,,,,,,,,,,,,,,,,,,,,,,,,,,,,,,,,,,,,,,,,,,,,,,,,,,,,,,,
0,,,,,,,,,,,,,,,,,,,,,,,,,,,,,,,,,,,,,,,,,,,,,,,,,,,,,,,,,,,,,,,,,,,,,,,,,,,,,,,,,,,,,,,,,,,,,,,,,,,,
0,,,,,,,,,,,,,,,,,,,,,,,,,,,,,,,,,,,,,,,,,,,,,,,,,,,,,,,,,,,,,,,,,,,,,,,,,,,,,,,,,,,,,,,,,,,,,,,,,,,,
0,,,,,,,,,,,,,,,,,,,,,,,,,,,,,,,,,,,,,,,,,,,,,,,,,,,,,,,,,,,,,,,,,,,,,,,,,,,,,,,,,,,,,,,,,,,,,,,,,,,,
0,,,,,,,,,,,,,,,,,,,,,,,,,,,,,,,,,,,,,,,,,,,,,,,,,,,,,,,,,,,,,,,,,,,,,,,,,,,,,,,,,,,,,,,,,,,,,,,,,,,,
0,,,,,,,,,,,,,,,,,,,,,,,,,,,,,,,,,,,,,,,,,,,,,,,,,,,,,,,,,,,,,,,,,,,,,,,,,,,,,,,,,,,,,,,,,,,,,,,,,,,,
0,,,,,,,,,,,,,,,,,,,,,,,,,,,,,,,,,,,,,,,,,,,,,,,,,,,,,,,,,,,,,,,,,,,,,,,,,,,,,,,,,,,,,,,,,,,,,,,,,,,,
0,,,,,,,,,,,,,,,,,,,,,,,,,,,,,,,,,,,,,,,,,,,,,,,,,,,,,,,,,,,,,,,,,,,,,,,,,,,,,,,,,,,,,,,,,,,,,,,,,,,,
